{
  "BUY": [
    -1.2820869543157656,
    0.06693481612408635,
    1.8529747956403353,
    0.051955349697747184,
    -1.2084389702188927,
    0.014139205979861211,
    -0.04959139167507769,
    0.15031339094517995,
    0,
    0.04330505864671336
  ],
  "SELL": [
    0.811113262362233,
    0.49640000000000034,
    -3.200712919928381,
    -0.013399999999999999,
    -0.3345142627386761,
    -0.0463916917778349,
    -0.05478394613704163,
    0.09985826194949843,
    0.05348530400336919,
    0
  ],
  "HOLD": [
    -0.19311770751864576,
    -0.11778802710463916,
    -0.5666850252312373,
    -0.13534855832026227,
    0.46148861573487915,
    0.04872375721948954,
    -0.028764466435696058,
    -0.046015507747052486,
    0,
    -0.09700860632768415
  ]
}