{
  "HOLD": [
    0.15627761732851986,
    -0.005111566763936119,
    49.50239655864678,
    0.1562828399518652,
    0.1563123104693141
  ],
  "SELL": [
    0.1624360465116279,
    0.507827474365929,
    71.56334094251812,
    0.1611753488372093,
    0.15842366279069767
  ],
  "BUY": [
    0.1546121212121212,
    -0.5339449514723117,
    28.985130210944778,
    0.15613909090909092,
    0.1591814393939394
  ]
}